{
  "project_info": {
    "project_number": "394031548754",
    "firebase_url": "https://phi-sales-emp.firebaseio.com",
    "project_id": "phi-sales-emp",
    "storage_bucket": "phi-sales-emp.appspot.com"
  },
  "client": [
    {
      "client_info": {
        "mobilesdk_app_id": "1:394031548754:android:f344f8277acc186b",
        "android_client_info": {
          "package_name": "com.pioneer.emp"
        }
      },
      "oauth_client": [
        {
          "client_id": "394031548754-1e5t1qct106csqh9ge3i8dovis51u69i.apps.googleusercontent.com",
          "client_type": 3
        }
      ],
      "api_key": [
        {
          "current_key": "AIzaSyDbCq1Ux_ma53qa25yxdla6_5f7FyWPF2U"
        }
      ],
      "services": {
        "appinvite_service": {
          "other_platform_oauth_client": [
            {
              "client_id": "394031548754-1e5t1qct106csqh9ge3i8dovis51u69i.apps.googleusercontent.com",
              "client_type": 3
            },
            {
              "client_id": "394031548754-pqu5dsj3rblieb76mhcfl64mi0i563ha.apps.googleusercontent.com",
              "client_type": 2,
              "ios_info": {
                "bundle_id": "com.pioneer.phisalesemp"
              }
            }
          ]
        }
      }
    }
  ],
  "configuration_version": "1"
}