{
  "rootsUserData": [
    {
      "name": "Kiran",
      "mobNo": "9652900093",
      "address": "Hyderabad",
      "ytdCurrentYearName": "2019",
      "ytdCurrentYearValue": "456",
      "ytdPrevYearName": "456",
      "ytdPrevYearValue": "0.67",
      "ytdPercentageName": "456",
      "ytdPercentageValue": "456",
      "prevYearMonthName": "456",
      "prevYearMonthValue": "456",
      "currentYearMonthName": "456",
      "currentYearMonthValue": "456",
      "monthPercentageName": "456",
      "monthPercentageValue": "456",
      "totalValue": "456"
    },
    {
      "name": "Fathima",
      "mobNo": "9652900098",
      "address": "Hyderabad",
      "ytdCurrentYearName": "2019",
      "ytdCurrentYearValue": "456",
      "ytdPrevYearName": "456",
      "ytdPrevYearValue": "456",
      "ytdPercentageName": "456",
      "ytdPercentageValue": "456",
      "prevYearMonthName": "456",
      "prevYearMonthValue": "456",
      "currentYearMonthName": "456",
      "currentYearMonthValue": "456",
      "monthPercentageName": "456",
      "monthPercentageValue": "456",
      "totalValue": "456"
    },
    {
      "name": "Satish",
      "mobNo": "9652900097",
      "address": "Hyderabad",
      "ytdCurrentYearName": "2019",
      "ytdCurrentYearValue": "456",
      "ytdPrevYearName": "456",
      "ytdPrevYearValue": "456",
      "ytdPercentageName": "456",
      "ytdPercentageValue": "456",
      "prevYearMonthName": "456",
      "prevYearMonthValue": "456",
      "currentYearMonthName": "456",
      "currentYearMonthValue": "456",
      "monthPercentageName": "456",
      "monthPercentageValue": "456",
      "totalValue": "456",
      "ytdPercentageColor": "green",
      "monthPercentageColor": "red"
    },
    {
      "name": "Rambabu",
      "mobNo": "9652900096",
      "address": "Hyderabad",
      "ytdCurrentYearName": "2019",
      "ytdCurrentYearValue": "456",
      "ytdPrevYearName": "456",
      "ytdPrevYearValue": "456",
      "ytdPercentageName": "456",
      "ytdPercentageValue": "456",
      "prevYearMonthName": "456",
      "prevYearMonthValue": "456",
      "currentYearMonthName": "456",
      "currentYearMonthValue": "456",
      "monthPercentageName": "456",
      "monthPercentageValue": "456",
      "totalValue": "456"
    },
    {
      "name": "Bhavani",
      "mobNo": "9652900095",
      "address": "Hyderabad",
      "ytdCurrentYearName": "2019",
      "ytdCurrentYearValue": "456",
      "ytdPrevYearName": "456",
      "ytdPrevYearValue": "456",
      "ytdPercentageName": "456",
      "ytdPercentageValue": "456",
      "prevYearMonthName": "456",
      "prevYearMonthValue": "456",
      "currentYearMonthName": "456",
      "currentYearMonthValue": "456",
      "monthPercentageName": "456",
      "monthPercentageValue": "456",
      "totalValue": "456"
    },
    {
      "name": "Devaki",
      "mobNo": "9652900094",
      "address": "Hyderabad",
      "ytdCurrentYearName": "2019",
      "ytdCurrentYearValue": "456",
      "ytdPrevYearName": "456",
      "ytdPrevYearValue": "456",
      "ytdPercentageName": "456",
      "ytdPercentageValue": "456",
      "prevYearMonthName": "456",
      "prevYearMonthValue": "456",
      "currentYearMonthName": "456",
      "currentYearMonthValue": "456",
      "monthPercentageName": "456",
      "monthPercentageValue": "456",
      "totalValue": "0"
    },
    {
      "name": "Kiran Java",
      "mobNo": "9652900092",
      "address": "Hyderabad",
      "ytdCurrentYearName": "2019",
      "ytdCurrentYearValue": "456",
      "ytdPrevYearName": "456",
      "ytdPrevYearValue": "456",
      "ytdPercentageName": "456",
      "ytdPercentageValue": "456",
      "prevYearMonthName": "456",
      "prevYearMonthValue": "456",
      "currentYearMonthName": "456",
      "currentYearMonthValue": "456",
      "monthPercentageName": "456",
      "monthPercentageValue": "456",
      "totalValue": "0"
    },
    {
      "name": "Vishali",
      "mobNo": "9652900091",
      "address": "Hyderabad",
      "ytdCurrentYearName": "2019",
      "ytdCurrentYearValue": "456",
      "ytdPrevYearName": "456",
      "ytdPrevYearValue": "456",
      "ytdPercentageName": "456",
      "ytdPercentageValue": "456",
      "prevYearMonthName": "456",
      "prevYearMonthValue": "456",
      "currentYearMonthName": "456",
      "currentYearMonthValue": "456",
      "monthPercentageName": "456",
      "monthPercentageValue": "456",
      "totalValue": "0"
    },
    {
      "name": "Prasad",
      "mobNo": "9652900090",
      "address": "Hyderabad",
      "ytdCurrentYearName": "2019",
      "ytdCurrentYearValue": "456",
      "ytdPrevYearName": "456",
      "ytdPrevYearValue": "456",
      "ytdPercentageName": "456",
      "ytdPercentageValue": "456",
      "prevYearMonthName": "456",
      "prevYearMonthValue": "456",
      "currentYearMonthName": "456",
      "currentYearMonthValue": "456",
      "monthPercentageName": "456",
      "monthPercentageValue": "456",
      "totalValue": "0"
    }
  ]
}